{
  "model_name": "baseline_mlp",
  "seed": 42,
  "epochs": 20,
  "batch_size": 128,
  "optimizer": "Adam",
  "learning_rate": 0.001,
  "train_time_sec": 96.62025952339172,
  "num_params": 101770,
  "test_loss": 0.37851637601852417,
  "test_accuracy": 0.875,
  "acc_per_10k_params": 0.08597818610592513,
  "final_train_accuracy": 0.9292500019073486,
  "final_val_accuracy": 0.8835833072662354
}